{
	"Organizacion":{
			"1": { "Nombre" : "Museos"}
			},	
	"Terceros":{
			"1":{ "Nombre" : "SIDESOFT CIA LTDA" }		
	},
	"DescripcionC":{
			"1":{"Descripcion" : "servicios prestados"}		
	},

	"Actividades":{
		"1":{
		"Actividad":"N/A"
		},
		"2":{
		"Actividad":"7.02 Plan de Educación YAKU"
		},	
		"3":{
		"Actividad":"5.01.01 Exposición Tokyo"
		},

	},
	"Lineas":{
		"1":{
			"Producto":"Cable HDMI 2 metros"
			},
		"2":{
			"Producto":"Cable VGA 2 metros 15 pines"
			},
	},
	"Retenciones":{
			"1":{"Retencion" : "RETENCIONES 4009"}		
	},
	"TiposComprobante":{
		"1":{
		"Comprobante":"01 - FACTURA"
		},
	

	},
	"CodigosSustento":{
		"1":{
		"Codigo":"01-CREDITO TRIBUTARIO PARA DECLARACION DE IVA (MENOS ACTIVOS FIJOS)"
		},
		

	}
	
}		
