{
	"Organizacion":{
			"1": { "Nombre" : "Innovativa"}
			},	
	"Terceros":{
			"1":{ "Nombre" : "SIDESOFT CIA. LTDA." }		
	},
	"DescripcionC":{
			"1":{"Descripcion" : "servicios prestados"}		
	},

	"Actividades":{
		"1":{
		"Actividad":"1-GESTION CAPACITACION"
		},


	},
	"Lineas":{
		"1":{
			"Producto":"0002 LT  NEGRO EPSON"
			},
		"2":{
			"Producto":"0005 LT YELOW EPSON"
			},
		"3":{
			"Producto":"003  UPS ALTEK 725 VA"
			},
		

	},
	"Retenciones":{
			"1":{"Retencion" : "COMPROBANTE DE RETENCION"}		
	},
	"TiposComprobante":{
		"1":{
		"Comprobante":"01-FACTURA"
		},
	

	},
	"CodigosSustento":{
		"1":{
		"Codigo":"01-CREDITO TRIBUTARIO PARA DECLARACION DE IVA (MENOS ACTIVOS FIJOS E INVENTARIOS )"
		},
		

	}
	
}		
